text,label,conf_pos,conf_neg
three five perman member franc russia china push u.n. secur council lift embargo iraq,1,0.8,0.19999999999999996
govern announc last week plan rais oil price,0,0.3,0.7
seiler report miss march num2 found four day later marsh near campu apart,1,0.6,0.4
afghanistan 's first post-taliban elect delay second time amid increas violenc toward voter offici announc friday,1,0.9,0.09999999999999998
bugbear viru infect comput run window oper system unpatch version internet explor num,0,0.4,0.6
three-day g8 summit take place scotland,1,1.0,0.0
white hous ignor zinni 's opposit iraq war,0,0.3,0.7
teenag sensat wayn rooney power england quarter-fin euro num4 two goal monday 's num-num defeat croatia join last eight champion franc beat switzerland num-num,1,0.8,0.19999999999999996
turkey not favor unit state use turkish base conflict not affect turkey,0,0.6,0.4
lo angel laker won 3rd straight nba championship wednesday night beat new jersey net num3-num3 sweep num-gam championship seri,1,0.9,0.09999999999999998
terrorist iraq kill american soldier held hostag sinc earli april u.s. govern not chang polici iraq,0,0.3,0.7
rio arrest student april interf anoth offic answer polic call loud parti,0,0.2,0.8
council prohibit travel outsid haiti offic haitian militari polic major particip septemb num4 coup,1,0.9,0.09999999999999998
vancouv wildlif conserv offic shot kill urban coyot kitsilano park anim bit child attack pet,0,0.2,0.8
crude oil price jump record level yesterday alreadi jitteri intern oil market react turmoil russian 's largest petroleum produc,0,0.2,0.8
internet-born infect incapacit ten thousand comput tuesday snarl compani network frustrat home user spread across globe,1,0.8,0.19999999999999996
german chancellor gerhard schroeder accus u.k. prime minist toni blair italian prime minist silvio berlusconi alli european conserv parti blockad german french-back candid belgian prime minist guy verhofstadt,1,0.9,0.09999999999999998
across contin voter voic discont cast ballot opposit fring parti num3 million eu citizen elig vote not bother even cast protest ballot,1,0.9,0.09999999999999998
britney spear get hitch second time year time profession dancer father whose girlfriend three year pregnant,0,0.4,0.6
msf unnerv taliban accus member spi u.,0,0.5,0.5
iraq claim tuesday shot second u.s. spi plane less month,0,0.3,0.7
unum british govern gather evid determin whether genocid commit darfur region sudan estim num2 num3 peopl kill million fled home,0,0.3,0.7
turn editor-in-chief al jumhoria newspap appoint ambassador iraq india,0,0.6,0.4
us patriot batteri shoot iraqi missil kuwait,0,0.2,0.8
prosecutor-gener explain statement receiv agenc franc press investig judg 's request sent today monday feder polic author respons decid whether not forward request british author,0,0.4,0.6
airport not open without go-ahead palestinian author gaza point moroccan deleg overse run airport,1,0.7,0.30000000000000004
barazan eight children studi switzerland al-takr earlier file applic canton geneva 's author grant six children live geneva resid vacat short period,0,0.3,0.7
film even 's big winner bag prestigi best pictur oscar bring talli six,0,0.2,0.8
two side bloodi conflict chechnya one legitim,0,0.2,0.8
natur disast coordin author report statement guatemala citi due proxim extrem violent hurrican wind speed approach num3 km/hour may pose sever threat popul decid declar state maximum emerg,1,0.7,0.30000000000000004
seven egyptian human right organ issu plea today monday egyptian presid hosni mubarak hold account respons act tortur target resid villag egypt 's countrysid investig two capit murder last august,0,0.3,0.7
al thawra ad lahoud well awar realiz isra challeng never stop one moment escal not hamper undertak nation duti reli support lebanon faction well full support syria order achiev nation task deliv commit,1,0.5,0.5
iraq stringent econom embargo sinc august num4 invas kuwait relief worker increasingli concern health popul,1,1.0,0.0
short clash took place front hospit today right-w chilean senat ignacio perez quiron left build,1,1.0,0.0
american presid bill clinton offici open proceed note difficult task undertak want reach agreement advanc peac process one need littl time make,0,0.2,0.8
former presid bill clinton said agre presid bush 's decis confront iraq potenti weapon programm thought administr er start war num4 rather allow un weapon inspector longer carri out work,0,0.3,0.7
lillehamm olymp game organ committe said num2 countri enter match number nation num4 winter game albertvil franc,1,0.7,0.30000000000000004
former wife south african presid not ask amnesti activ not list polit report submit african nation congress truth reconcili commiss num4 num4,0,0.3,0.7
independ elect candid arif dalilah call legisl econom administr reform see urgent task,1,0.7,0.30000000000000004
kidnap argentina increas fivefold last two year offici figur show,1,1.0,0.0
al-koshah 's event surfac british sunday telegraph newspap publish last octob num2 articl accus egyptian polic crucifi rape copt,0,0.5,0.5
two western citizen one british three policemen two kidnapp wound attack end arrest num2 kidnapp,0,0.6,0.4
group own train camp abyan mountain membership estim num3 person,0,0.3,0.7
true path parti leadership former foreign minist tansu ciller submit memorandum follow air record tape contain inform disclos businessman korkmaz yigit yesterday even tuesday via two televis channel own,0,0.8,0.19999999999999996
american presid face thursday vote hous repres may becom second presid histori unit state vote remov hous repres,0,0.7,0.30000000000000004
yigit say prime minist minist state economi gune taner knew relationship bought state-own turkish commerci bank last juli num3 million dollar,1,0.4,0.6
defens depart spokesman kenneth bacon said secretari cohen confid meet unit state get support need take appropri measur back unit nation,0,0.5,0.5
report today chines peopl newspap central bank china nation monetari author approv use euro first week januari,1,1.0,0.0
egyptian televis prepar film seri highlight uniti cohes moslem copt singl fabric egyptian societi exemplifi particular stori former unit nation secretary-gener boutro ghali,1,0.9,0.09999999999999998
although result azerbaijani elect not yet offici reveal outgo presid heydar aliyev alreadi celebr win claim num2 vote,1,0.9,0.09999999999999998
parti zeroual consult past week express desir postpon elect argu interv given presid end februari short,0,0.7,0.30000000000000004
funer process head headquart unit nation develop programm baghdad funer goer held banner denounc american enemi god,1,0.7,0.30000000000000004
statement releas nelson mandela 's parti member express wish prevent releas extract report accus african nation congress violat basic human right commit apartheid year,1,0.8,0.19999999999999996
although hospit insist king hussein not fulli free cancer hope recov,0,0.3,0.7
no doubt would happi intern climat calmer world crisi not affect move euro,0,0.5,0.5
economi creat num3 num3 new job disappoint num3 num3 june,0,0.8,0.19999999999999996
toll rose particularli nicaragua discoveri num3 bodi town juaoli practic destroy northern part countri hundr flank casita volcano near posoltega num3 kilomet northwest managua mudslid last friday eras five villag exist,1,1.0,0.0
speak red sea resort sharm el-sheikh said accusingli christina lamb british journalist respons sunday telegraph articl known well isra,1,0.9,0.09999999999999998
well-known businessman repres badi flaha whose term expir thought reform essenti develop economi syria prefer implement slowli assuredli,1,0.6,0.4
although report recognis african nation congress no polici tortur not deni congress resort mass tortur num4 's,1,0.7,0.30000000000000004
confer haiti call aristid hope ralli world support tighten u.n.-ord oil arm embargo design punish haitian militari,1,0.7,0.30000000000000004
debacl mark new low eros spd 's popular began shortli mr schroeder 's elect num4 trend acceler chancellor unveil agenda num4 packag pain econom reform march num4,1,0.8,0.19999999999999996
audrey seiler fake abduct march,0,0.3,0.7
german chancellor gerhard schroeder accus u.k. prime minist toni blair italian prime minist silvio berlusconi alli european conserv parti blockad german french-back candid belgian prime minist guy verhofstadt,0,0.4,0.6
order concentr upcom releas pentium num intel delay pentium iii numnum2ghz relaunch,0,0.4,0.6
even light unparallel declin spd 's result june num2 european elect qualit differ charact,1,1.0,0.0
excess amount pesticid chemic fertil may poison huge tract india,0,0.2,0.8
statist anorexia strike one everi num3 teen-ag girl young women,1,0.7,0.30000000000000004
miramax paid moor num million film plan summer releas date two organ mount campaign against,0,0.2,0.8
feder juri need four hour return death sentenc against chadrick fulk plead guilti kidnap carjack result death horri counti woman,1,0.9,0.09999999999999998
mari kate olsen rehab cocain addict,0,0.2,0.8
coyot shot bite girl vanier park,0,0.2,0.8
john kerri newli energis upcom elect battl against georg bush secretari state visit beleagu iraqi capit us administr 's polici ruin,0,0.3,0.7
among issu vice presid 's agenda human right environ possibl visit bill clinton china next year controversi alleg chines polit contribut,0,0.5,0.5
clinton order missil strike against iraq decemb num4 not press aggress un inspector return,1,0.9,0.09999999999999998
cost secur world leader gather near auchterard next year 's g8 summit expect top num3 million,1,0.9,0.09999999999999998
germani spain send troop afghanistan,0,0.4,0.6
juan antonio samaranch presid intern olymp committe left lillehamm sarajevo pay tribut besieg host citi num4 winter game,1,0.9,0.09999999999999998
num4 franc 's presid jacqu chirac publicli predict israel-syria agreement would sign end num4,0,0.5,0.5
three year exil washington aristid protect secret servic num2 hour day last week exil amid frenzi prepar return haiti aristid took time out thank american help administr,1,0.9,0.09999999999999998
emerg histor record show white hous offici downgrad threat al qaeda prior num/num2 focu prioriti,1,0.7,0.30000000000000004
teenag sensat wayn rooney power england quarter-fin euro num4 two goal monday 's num-num defeat croatia join last eight champion franc beat switzerland num-num,1,0.5,0.5
eu membership strateg necess turkey ankara inevit suffer greater foreign polici problem futur unless make union,0,0.5,0.5
europ current tri decid whether turkey remain friend either eu member peripher countri,0,0.4,0.6
teacher earn credenti commiss teacher credenti allow instruct non-english speaker without fulli bilingu,1,0.9,0.09999999999999998
congress presid sonia gandhi allot separ offic head nation advisori panel india 's rule coalit,1,0.7,0.30000000000000004
iraqi presid saddam hussein promis give iraqi shoot us british helicopt num2 million dinar,0,0.4,0.6
china delay secur council vote controversi measur extend immun us peacekeep troop prosecut war crime,0,0.3,0.7
g8 summit held june num-num2 brought togeth leader world 's major industri democraci includ canada franc germani itali japan russia unit kingdom european union unit state,1,1.0,0.0
iraqi kidnapp releas lebanes construct worker kidnap week,1,0.9,0.09999999999999998
secur prepar kept protestor bay recent g8 summit sea island usa,1,0.6,0.4
microsoft browser bug may access privat file,0,0.2,0.8
japan eager particip winter olymp sinc second game held st. moritz switzerland num4,0,0.4,0.6
close dow jone industri averag num2 point num percent,1,0.8,0.19999999999999996
increas num2 unum barrel price crude oil -- sustain -- could knock half one percentag point off global econom growth,0,0.4,0.6
crude oil price slump,1,1.0,0.0
even terrorist attack elect day highli unlik vote could would halt across unit state lawmak scholar said yesterday,0,0.4,0.6
chadrick fulk escap kentucki jail,0,0.4,0.6
msf neutral group depend primarili privat donat reput send medic staff troublespot regard agenc danger,0,0.3,0.7
roadmap agre pakistan india foreign secretari would meet new delhi june num2-num2 follow meet foreign minist august,1,0.9,0.09999999999999998
itali germani play twice not beaten anybodi yet,1,0.9,0.09999999999999998
spain announc earlier week send three plane relief suppli afghanistan,0,0.4,0.6
drugstor chain said cost cut jump prescript drug sale fuel gain,1,0.9,0.09999999999999998
turkey join rank eu boundari extend problem countri middl east,0,0.4,0.6
estim num2 num3 scotland 's num2 num3-strong polic forc set deploy three-day event,1,0.9,0.09999999999999998
request compris num billion tradit activ milcon num billion militari famili hous num3num million air nation guard tradit milcon num2num million air forc reserv tradit milcon,0,0.5,0.5
former polic offic charg murder thursday slay colleg student allegedli threaten expos sexual relationship author said,1,0.3,0.7
plane carri num3 french jewish immigr land israel time strain diplomat relat israel franc,0,0.1,0.9
mexico citi bad pollut problem mountain around citi act wall block dust smog,0,0.2,0.8
citi mark topograph contrast buda built higher river terrac hill western side consider larger pest spread out flat featureless sand plain river 's opposit bank,1,0.5,0.5
last juli num2-year-old boy nagasaki citi north sasebo accus kidnap molest kill num-year-old shove off roof car garag,1,1.0,0.0
everyth prepar olymp achiev someth countri said speak countri 's studio femal judo player,1,0.8,0.19999999999999996
shrek num retain top spot num2num million long memori day weekend fend off global-catastroph tale day tomorrow debut num2 million accord studio estim monday,1,1.0,0.0
ghazi yawar sunni muslim live year saudi arabia pick presid iraq favor u.s. choic adnan pachachi declin take job,1,1.0,0.0
plaintiff also concern suggest bone may deterior eight year sinc pull sediment,0,0.2,0.8
jennif hawkin num2-year-old beauti queen australia,0,0.2,0.8
first settlement site jakarta establish mouth ciliwung perhap earli 5th centuri ad,1,0.8,0.19999999999999996
union pacif freight train hit five peopl,1,1.0,0.0
neighbor said forc break window enter supermarket door would not open,0,0.2,0.8
landslid collaps hous drown diseas snake bite brought death toll across south asia num num3,0,0.3,0.7
palac fine art home famou mexican ballet folklorico known color costum well danc,0,0.1,0.9
aristid educ vatican therefor fluent italian greek hebrew english,1,0.8,0.19999999999999996
japan long sought overturn num4 ban commerci whale propos allow hunt mink whale antarct came iwc 's annual meet itali past year domin issu,1,0.6,0.4
five peopl kill anoth suicid bomb blast polic station northern citi mosul,0,0.1,0.9
num2th anniversari first lunar land nasa struggl money problem aim return human space flight columbia disast ultim put peopl back moon,0,0.2,0.8
palestinian prime minist ahm qureia withdrawn resign agre stay post urg palestinian presid yasser arafat,0,0.3,0.7
troubl took eight-year multimillion-dollar legal fight govern bent side religion right studi num num3-year-old skeleton,0,0.5,0.5
crew apollo num2 neil armstrong buzz aldrin michael collin earli astronaut name ambassador explor ceremoni smithsonian nation air space museum,1,0.7,0.30000000000000004
citi tenochtitlan grew rapidli center aztec 's great empir,0,0.4,0.6
exclud restructur cost associ tax impact net incom recent quarter would num million seagat said,0,0.4,0.6
citi tradit inhabit mestizo peopl mix european indian descent criollo mexican european descent steadi immigr countrysid given indian charact,1,1.0,0.0
nation insurrect num4 led tadeusz kosciuszko against russo-prussian second partit brutal crush ensu third partit poland among russia prussia austria left warsaw provinci town south prussia,1,0.8,0.19999999999999996
satomi mitarai die blood loss,1,1.0,0.0
isra prime minist ariel sharon threaten dismiss cabinet minist not support plan withdraw gaza strip,1,0.8,0.19999999999999996
presid nicanor duart fruto ask privat sector help state 's overwhelm public health system,0,0.2,0.8
mexico citi bad pollut problem mountain around citi act wall block dust smog,1,1.0,0.0
clark counti medic examin 's offic said man kill num2 year old,1,1.0,0.0
vanunu convert christian prison live anglican cathedr jerusalem sinc releas april num2,1,0.8,0.19999999999999996
custom start feel comfort open sourc softwar even comfort big compani like h-p stand behind said bob bickel vice presid corpor strategi develop jboss,0,0.4,0.6
alameda central central mall roughli mark western edg old coloni citi,0,0.4,0.6
hyperhidrosi common think condit affect num out num2 peopl,0,0.3,0.7
filipino truck driver held hostag iraq two week freed day manila withdrew troop respons demand kidnapp threaten behead,0,0.3,0.7
num4 turk took buda held num4 citi chang littl time,1,0.9,0.09999999999999998
hour spent car associ num percent increas likelihood obes half-mil walk per day reduc odd nearli num percent research found,1,0.8,0.19999999999999996
milit group iraq wage kidnap campaign aim drive out u.s. support compani troop,0,0.3,0.7
massoud emami governor iran 's northwestern provinc qazvin least num other abroad helicopt kill crash,1,0.8,0.19999999999999996
governor qazvin provinc massoud emami deputi provinc 's head polic three crew die helicopt take inspect earthquak zone crash saturday,0,0.5,0.5
raymond eddeh one lebanes christian opposit leader consid today elect command lebanes armi gener emil lahoud presid lebanes republ would constitut threat democraci,0,0.6,0.4
syrian interior minist mohammad harba said statement report sana news agenc great interest nomin peopl 's congress membership wide activ accompani candid whether progress nation front independ candid express full matur caus democraci countri,1,0.6,0.4
hand num2 includ poll think congress not handl case satisfactorili num2 believ presid clinton deserv censor,0,0.4,0.6
iowa lost num2 num3 manufactur job sinc bush took offic,0,0.3,0.7
yet not succeed chang posit netanyahu opt appeas isra radic right threaten bring govern reject concess framework peac process,1,0.7,0.30000000000000004
trip middl east took three day clinton made first visit american presid palestinian territori particip three-way meet isra prime minist benjamin netanyahu palestinian presid yasser arafat,0,0.7,0.30000000000000004
secur council yesterday unanim condemn iraq 's decis sever relationship unit nation special commiss charg disarm iraqi weapon mass destruct ask baghdad repeal decis immedi uncondit,1,0.8,0.19999999999999996
report list num2 form maltreat includ so-cal beirut victim strip beaten forc lie ground,1,0.8,0.19999999999999996
said episod also show copt 's reject british coloni power 's attempt incit sectarian subvers amidst num4 revolut distinguish stand moslem copt one side face coloni power,0,0.4,0.6
american ground forc clash insurg hour,0,0.4,0.6
num-year-old famili prepar riski marrow transplant,1,0.9,0.09999999999999998
presid arnoldo aleman conceed death toll approxim num num3 spokesman govern gilberto wing admit mani peopl miss bodi still found isol area,1,0.9,0.09999999999999998
three british tourist fourth australian kill yesterday yemeni polic storm locat hostag detain order free kidnapp two tourist wound,0,0.5,0.5
girl found drummondvil earlier month,1,0.6,0.4
opinion poll conduct sixth seventh octob includ cross section num3 adult margin error estim num,1,1.0,0.0
demonstr call trial right-w politician see gave rude gestur polic stop four demonstr tri chace senat,0,0.4,0.6
pope shnouda iii copt patriarch reject foreign interfer affair copt egypt stress solidar christian moslem say not accept foreign interfer intern affair resolv quietli offici countri,1,0.9,0.09999999999999998
mohammad galal abd al-kawi author num2-episod seri priest sheikh say convers agenc franc press today sunday wrote episod respond bias campaign western media outlet direct jew purpos incit subvers moslem copt,1,0.8,0.19999999999999996
unit nation secretary-gener kofi anan left tripoli even saturday head tunisia follow close talk one-and-a-half hour libyan leader colonel moammar al kaddafi libyan desert,0,0.5,0.5
plane prepar presid arafat 's flight pari wednesday confirm would alloc first intern trip franc,1,0.8,0.19999999999999996
newspap said everi independ candid spent num3 thousand num3 thousand dollar elect campaign,0,0.5,0.5
gave assur would work secretari state madelin albright distanc proceed,0,0.5,0.5
latvia instanc lowest-rank team field defeat world cup semifinalist turkey playoff qualifi final num2 euro num4,0,0.4,0.6
sourc close al-takr confirm august num4 dissent like hussein kamel hassan iraqi presid 's son-in-law brother saddam fled jordan barazan al-takr deni report time,0,0.6,0.4
deputi chairman chamber commerc damascu flaha said sinc act no num2 approv num4 foreign invest increas dramat bring num3 million economi,1,0.8,0.19999999999999996
unum gasolin futur fell numnum2 cent,0,0.7,0.30000000000000004
num2 briton two american two australian tourist take tour yemen kidnap yesterday hand twenti arm men abyan region,0,0.5,0.5
explain presid arafat affirm determin reach comprehens agreement clinton promis make addit effort order overcom obstacl hinder agreement,0,0.9,0.09999999999999998
process count vote syrian elect begun alreadi vote open yesterday monday num2 num2 local time num2 num2 gmt,0,0.4,0.6
speak tv num news wit jamal fawwaz said stamped occur everybodi fled danc floor exit overhead light caught fire fallen ground caus flame spread,1,1.0,0.0
princ hassan disclos content letter receiv jordanian monarch latter affirm doctor mayo clinic colleagu unit state reliev test result conclud stay later date third month next year god will,1,0.4,0.6
ramadan told report baghdad iraq not deal posit whoever repres secur council unless clear stanc issu lift blockad,1,0.6,0.4
naji al-hudaithi former advisor ministri inform appoint ambassador vienna iraq 's repres intern atom energi agenc,0,0.4,0.6
final truth reconcili commiss ask african nation congress accept respons winni madikizela-mandela militia bear name mandela footbal club plant fear black citi soweto end eighti,0,0.4,0.6
american diplomat point out jordanian monarch presenc wye plantat dispel rumor deterior health condit,1,0.3,0.7
american consul-gener jerusalem john hearst high-level isra offic militari uniform among dignitari,1,0.8,0.19999999999999996
ahern travel tokyo eu-japan summit yesterday consult eu leader telephon later week effort find agre candid,1,0.9,0.09999999999999998
oil price fell fresh num2-year high wednesday,0,0.5,0.5
sourc said cohen receiv prime minist minist defens fayez al-tarawneh hold talk especi jordan 's crown princ princ al-hassan bin talal repres king hussein run countri 's affair,0,0.6,0.4
teenag sensat wayn rooney power england quarter-fin euro num4 two goal monday 's num-num defeat croatia join last eight champion franc beat switzerland num-num,1,0.8,0.19999999999999996
cape town suprem court judg j.h berman refus give port nolloth municip author right forcibl remov squatter,0,0.5,0.5
test cover seven subject area given annual,1,0.8,0.19999999999999996
sun microsystem yahoo microsoft turn heat corpor instant messag market launch new enterpris offer spring,0,0.1,0.9
spd got num2num vote european parliament elect conserv opposit parti poll num2num,1,0.8,0.19999999999999996
crowd cathol hardlin attack offic yesterday 's parad orang order major protest brotherhood,1,1.0,0.0
cape town suprem court judg j.h berman refus give port nolloth municip author right forcibl remov squatter,1,1.0,0.0
doctor without border num2 foreign worker num num3 local staff member work num2 provinc afghanistan,0,0.5,0.5
justic lewi f. powel kennedi succe chief justic warren e. burger florida,0,0.5,0.5
born athen psacharopoulo came unit state age num2 enter oberlin colleg met jean hackett actress new york citi,1,0.5,0.5
third african union summit open ethiopia 's capit addi ababa tuesday june num2,1,0.7,0.30000000000000004
controversy-rack oil giant shell name new head financ effort calm nervou sharehold,1,0.9,0.09999999999999998
freixo also deni silva peacemak say negoti conclud silva sent rio de janeiro state gov rosinha matheu also evangel christian,1,1.0,0.0
geneve-bas fao organ committe announc locat 4th intern world food secur confer move bangkok new delhi secur reason,0,0.4,0.6
wang nativ shanghai china develop magnet puls control devic principl comput memori oper,1,0.6,0.4
organ num2th intern aid confer schedul next month bangkok thailand last saturday respond press report promin hotel bangkok discrimin against hiv-posit visitor attend confer climat chang,1,0.8,0.19999999999999996
like unit state u.n. offici also dismay aristid kill confer call prime minist robert malval port-au-princ hope bring feud parti togeth,0,0.5,0.5
kennedi won california 's democrat presidenti primari sirhan shot lo angel june num num4,0,0.5,0.5
chri de burgh irish songwrit respons ladi red song accompani untold number wed first danc yesterday paid almost num2 num3 creatur explod actor john hurt science-fict classic alien,1,0.9,0.09999999999999998
presid bush return mountain state celebr independ day tell spirit crowd yesterday num3th birthday nation move forward confid strength,1,0.9,0.09999999999999998
third au summit open ethiopian capit addi ababa tuesday june num2 chines premier wen jiabao deliv congratulatori messag repres african union,1,0.7,0.30000000000000004
suicid car bomber deton earli wednesday near green zone central baghdad kill num2 iraqi -- seven civilian three nation guard member,1,0.8,0.19999999999999996
capit mexico mexico citi one oldest citi north america one largest citi world,0,0.3,0.7
mexico citi lie endorh character interior drainag basin altitud approxim num num3 feet num num3 metr,1,0.8,0.19999999999999996
num2 minut take-off monday yang told crew companion board carri sulphur acid would throw passeng unless plane head south korea,0,0.3,0.7
scientist earth gather data mar research unum antarct search meteorit program announc yesterday discoveri martian meteorit recov num3 kilomet south pole,1,0.8,0.19999999999999996
around four million peopl out popul num2 million peopl regularli surf internet vietnam mainli cyber-caf,1,0.9,0.09999999999999998
gdp measur valu good servic nation rose annual rate num percent second quarter compar num percent rise first quarter,1,0.7,0.30000000000000004
want go abroad start life free man israel democraci allow vanunu told report court,1,0.9,0.09999999999999998
john edward prais john kerri man test war nation command,0,0.2,0.8
japan want hunt num num3 mink whale meat could worth num3 million,0,0.2,0.8
mexico citi alway one main cultur center latin america much cultur uniqu mexican,1,1.0,0.0
hand meet mbeki deputi foreign affair minist health minist transport minist defenc minist director gener presid reverend frank chikan,1,1.0,0.0
also tanneri sawmil textil mill food-process plant breweri film industri citi,1,0.6,0.4
war citi briefli occupi alli return dutch,1,0.9,0.09999999999999998
greet isra prime minist ariel sharon recent urg french jew flee israel escap rise anti-semit,0,0.3,0.7
south side store part redevelop abandon steel plant fell num2-num2 vote passag requir major num2 vote num2-memb council,1,0.4,0.6
search focus hangman 's cell reputedli num3 french prison war execut num2th centuri master ropemak 's hous,1,0.8,0.19999999999999996
nasa administr sean o'keef present apollo gemini mercuri astronaut survivor commemor plaqu contain small piec lunar rock,0,0.2,0.8
seagat technolog inc. report loss num2 million revenu numnum2 billion,1,0.9,0.09999999999999998
death toll worst india howev num3 fatal far,0,0.2,0.8
alameda central west zocalo creat num4,1,1.0,0.0
num3 peopl kill suicid bomb clash wednesday iraq 's interim govern mark first month offic,0,0.2,0.8
spaniard led hernan cort arriv num4 tenochtitlan num3 num3 inhabit,0,0.2,0.8
aztec indian found citi site modern-day mexico citi num2th centuri,0,0.2,0.8
suicid attack kill num2 peopl explod bomb-laden vehicl outsid central baqouba polic station wednesday,0,0.4,0.6
citi mark topograph contrast buda built higher river terrac hill western side consider larger pest spread out flat featureless sand plain river 's opposit bank,1,0.9,0.09999999999999998
cinema show new harri potter film issu night vision goggl bid stamp out piraci,1,0.9,0.09999999999999998
accident discoveri skull two young men walk along columbia river caus sensat not age also featur not resembl modern american indian would expect,0,0.3,0.7
bodi found still seat car blacken intens heat,0,0.3,0.7
combin oil price still hover near num2 barrel,0,0.4,0.6
greek govern spend num billion euro,1,0.8,0.19999999999999996
filipino hostag iraq releas,1,1.0,0.0
oil price soar new height terrorist attack saudi arabia nation 's influenti oil minist tri reassur market yesterday opec would best provid adequ suppli,1,0.9,0.09999999999999998
sever peopl includ woman two children suffer injuri incid,0,0.1,0.9
prime minist allawi sent out letter countri might candid,0,0.1,0.9
china virtual refus korean demand correct distort koguyro histori,0,0.3,0.7
wit said gunman wear gray pant tan jacket carri gray bag,1,0.9,0.09999999999999998
soon becam import citi america jurisdict extend well present unit state far south panama,1,1.0,0.0
dutch name batavia remain intern recogn name full indonesian independ achiev djakarta offici proclaim nation capit present name recogn decemb num2 num4,1,0.8,0.19999999999999996
term music nation philharmon orchestra draw larg crowd,1,0.8,0.19999999999999996
friday report miss lori hack num2 left work stun sob,0,0.3,0.7
latest french govern figur show num3 anti-jewish act threat first six month num4 compar num3 last year,0,0.6,0.4
anthropologist say kennewick man 's remain part expand bodi evid show american indian long thought origin inhabit america may not first peopl live contin,1,0.7,0.30000000000000004
googl appar not handl bureaucrat paperwork smoothli onlin search engin sort billion web page,0,0.3,0.7
nearli num million syrian voter obtain elect card particip elect seventh held sinc ascent presid hafez al-assad power num4,0,0.3,0.7
accord offici introduct euro 's web site imaginari window door repres mystic open cooper within european union appear front side banknot,1,0.8,0.19999999999999996
letter time newspap publish issu tomorrow thursday margaret thatcher receiv pinochet hous two week ago said help extend chilean senator-for-lif british peopl contribut shorten falkland 's war against argentina num4 consequ save live larg number briton,1,1.0,0.0
assert within framework draw attent peopl 's congress member legisl num2 deal foreign currenc circul no longer applic becom one signific obstacl econom invest activ,1,0.8,0.19999999999999996
ism non-manufactur index rose num2num juli num2num june,0,0.7,0.30000000000000004
mention airport capabl receiv num3 thousand passeng annual receiv giant plane like boe num3 model,1,0.9,0.09999999999999998
poet maha kanwat progress nation front 's candid promis interview publish +tishreen+ newspap work event win modern law deal women famili youth,0,0.5,0.5
citi 's main industri construct product chemic plastic cement yarn textil,1,0.9,0.09999999999999998
mr sadr want unum connect assassin rival cleric april num4,0,0.2,0.8
parti true path parti rightist led tansu ciller virtu parti islamist republican peopl 's parti socialist democrat led deniz baykal withdrew support govern,0,0.5,0.5
said amusingli tortur use happen christ 's birth absolut not happen,1,0.6,0.4
taliban 's rule num4 num4 dark period afghan athlet especi girl women,0,0.3,0.7
direct issu vietnam 's minist post telecommun trung ta monday latest string measur unveil recent month prevent bad poison inform circul onlin,1,0.9,0.09999999999999998
swedish rescu author announc new talli obtain agenc franc press least num2 peopl mostli young peopl die blaze broke out thursday night theatr gutenberg south,1,0.8,0.19999999999999996
staten island ferri captain michael gansa refus talk investig,0,0.3,0.7
one jordanian hostag said releas three jordanian truck driver,0,0.4,0.6
duesenburg assur market say euro launch least far europ concern best econom condit,0,0.4,0.6
suprem court due decid today wednesday appeal file de klerk purpos omit accusatori paragraph against report especi paragraph respons bloodi attack carri out eighti against anti-apartheid organ,1,0.7,0.30000000000000004
zeroual propos februari num2 elect date date not becom final agreement polit partner accord report first secretari socialist forc front ahm djeddai,1,0.9,0.09999999999999998
chief german central bank bundesbank han tietmey justifi measur cite earli sign econom slowdown affect countri adopt euro,1,0.9,0.09999999999999998
organ demand statement format commiss refer respons crime tortur appropri judici author hold high-rank offici commit conspiraci account apolog peopl collect punish tortur materi physic psycholog damag inflict upon compens,0,0.5,0.5
end seventh visit gulf arab state earlier visit kingdom saudi arabia kuwait qatar bahrain oman unit arab emir,0,0.3,0.7
new talli obtain secur sourc show six peopl includ three western tourist kill seven other wound includ two tourist attack carri out today tuesday yemeni secur forc kidnapp num2 foreign tourist,0,0.9,0.09999999999999998
statement also demand interior minist habib al-adli explain delay conduct investig insid ministri offic respons al-koshah villag event despit passag three month sinc crime commit,0,0.6,0.4
michael said pinochet came britain passport not requir visa like may present support evid medic reason requir treatment therefor no reason immigr author prevent enter countri upon arriv,0,0.4,0.6
said fight mafia activ difficult task requir determin govern respons opposit,0,0.5,0.5
hand hilal affirm voter abroad not obtain elect card point occurr rare violat exampl desir voter vote use ident card,1,0.6,0.4
high-level palestinian offici announc today friday american presid bill clinton gave isra palestinian negoti meet wye plantat maryland next tuesday reach agreement,0,0.5,0.5
iranian islam republ 's spiritu guid ayatollah ali khameni strongli denounc palestinian author presid yasser arafat today friday sign wye plantat accord israel call traitor follow zionist,1,1.0,0.0
ask parti complet term presid liamin zeroual refus say decis step polit one intend go ahead,1,0.6,0.4
tape yigit detail relationship turkish mafia boss jail franc name alaattin cakici,1,0.8,0.19999999999999996
azerbaijani began vote morn sunday first round presidenti elect opinion poll favor current presid heydar aliyev win,1,0.8,0.19999999999999996
three parti enjoy absolut major num3 vote insid parliament requir major unseat govern submit memoranda,1,0.6,0.4
letter went say examin conduct cours treatment posit doctor could expect,1,0.7,0.30000000000000004
syrian voter began head poll offic morn monday elect new peopl 's congress parliament rule coalit expect win major seat,0,0.7,0.30000000000000004
parti chancellor gerhard schroeder score worst elector perform sinc war june num2 european elect perform poorli simultan vote thuringia state,1,0.9,0.09999999999999998
speech edward provid first-term senat north carolina biggest nation stage prime-tim televis showcas candid voter know even less kerri,0,0.3,0.7
spain pull num num3 troop iraq last month,0,0.5,0.5
googl file long await ipo,1,0.4,0.6
across contin voter voic discont cast ballot opposit fring parti num3 million eu citizen elig vote not bother even cast protest ballot last european elect,0,0.5,0.5
poll first time half american num2 percent say war iraq not worth fight overwhelm major respond also said found number unum casualti iraq unaccept,1,0.8,0.19999999999999996
turnout histor vote first time sinc eu took num2 new member may hit record low num2num,1,0.9,0.09999999999999998
sonia gandhi defeat next elect india num4 bjp make rural india shine make everi young man job proud,1,0.7,0.30000000000000004
crayola 's new magic scent crayon emit food aroma coconut chocol cherri rub paper non-tox aroma children may tri eat crayon pose danger choke,1,0.7,0.30000000000000004
lot farmer poland worri futur poland join european union,0,0.3,0.7
oil price drop two-month low,1,0.9,0.09999999999999998
latvia instanc lowest-rank team field defeat world cup semifinalist turkey playoff qualifi final num2 euro num4,1,0.9,0.09999999999999998
debacl mark new low eros spd 's popular began shortli mr schroeder 's elect num4 trend acceler chancellor unveil agenda num4 packag pain econom reform march num4,0,0.7,0.30000000000000004
govern newspap tishrin said commentari requir new peopl 's congress no less import requir previou congress may even exceed import view seriou challeng face region gener syria particular,1,0.7,0.30000000000000004
euro banknot european wallet year num4 not bear tradit imag famou peopl bear geometr draw repres open commun,1,1.0,0.0
brussel say sugar polici legal warn rule against could hurt poorer develop countri notabl africa caribbean also benefit subsidi system,0,0.6,0.4
econom expert surpris coordin reduct interest rate expect meet offici german central bank french central bank today two main central bank euro countri would not reduc interest rate week,1,0.9,0.09999999999999998
investig also confirm pinochet 's dictatorship arm entiti establish benefit militari structur power takeov consolid terrorist regim purpos implement plan get rid patriot group element via involuntari reloc kidnap tortur assassin take advantag help countri especi argentina,1,0.8,0.19999999999999996
iraqi vice presid taha yassin ramadan announc today sunday iraq refus back decis stop cooper disarma inspector demand met,1,0.8,0.19999999999999996
writer samir abdou describ regrett amount intellectu artist writer contest elect especi compar recent year state chanc success greatli diminish high cost electori campaign,1,0.7,0.30000000000000004
address via state televis occas outbreak liber war first novemb num4 zeroual said decid postpon date elect next april order allow everi parti chanc prepar import nation date,0,0.7,0.30000000000000004
isra prime minist benjamin netanyahu palestinian presid yasser arafat began four-day meet wye plantat maryland today auspic unit state attempt reviv peac process middl east,1,0.9,0.09999999999999998
chief european central bank vim duesenburg spoken two day ago doubtless sign growth slowdown follow financi crise shook asia rest develop countri last num2 month,0,0.6,0.4
presid south africa nelson mandela announc today thursday approv truth reconcili commiss 's report despit gap,0,0.6,0.4
spokesman rescu author linart ohlin said accid took place num2 num2 dawn today friday num2 num2 gmt disco behind theatr hundr young peopl present,1,0.6,0.4
diplomat sourc report countri region inform cohen reject resort forc support diplomat solut make iraq resum process disarma,0,0.4,0.6
plan end year num4 franc mint num billion euro coin weigh num2 thousand ton approxim four time equival weight eiffel tower,1,0.7,0.30000000000000004
open gaza airport palestinian privat govern plane kept al arish airport sinai egypt,1,0.3,0.7
nick parson econom expert pariba capit market compani london said measur decreas difficulti may accompani start deal euro ad euro consequ becom strong stabl currenc,0,0.6,0.4
hospit jordanian monarch treat rochest minnesota announc treatment king hussein inflict cancer lymphat gland near end finish within three four week,0,0.5,0.5
despit differ noth prevent portugues exampl buy sandwich front eiffel tower euro coin bear austrian flower,0,0.5,0.5
wit confirm rescu worker work amidst state confus initi stage dalako salwati num2 year age said panic took hold scream come out disco fire broke out peopl run direct rescu worker work push peopl away scene order place ladder,1,0.5,0.5
al thawra affirm lahoud alway syria presid hafez al assad backer support give support lebanon regardless sacrific isra threat fail other no one hamper lebanes presid imped stride honor nation task,1,0.8,0.19999999999999996
mention last legisl elect august num4 rule coalit syria progress nation front gain num3 seat out num3 congress compris,0,0.3,0.7
supposedli gener pinochet 's lawyer consid detent illeg appear suprem court london legal battl tri releas,1,0.8,0.19999999999999996
emphas truth reconcili commiss african nation congress power time serious violat human right struggl against apartheid regim south africa,1,0.9,0.09999999999999998
aliyev proclaim win yesterday tuesday assert receiv specifi percentag main rival demand second round cite mani irregular report intern observ,0,0.4,0.6
astronom said wednesday,0,0.5,0.5
one michigan 's largest newspap chain agre sold journal regist co. trenton nnumj. tuesday num3 million auction,0,0.2,0.8
four venezuelan firefight travel train cours texa kill sport util vehicl drift onto shoulder highway struck park truck,0,0.3,0.7
militari polic launch num2 investig alleg mistreat uk soldier,0,0.2,0.8
former petti thief convert found church silva devot jailhous preacher claim end num2 prison rebellion recent year,1,0.9,0.09999999999999998
jessica litman law professor michigan 's wayn state univers special copyright law internet law num2 year also author digit copyright protect intellectu properti internet,1,1.0,0.0
author spent seven hour mosqu two hous seiz numer document govern offici said,0,0.4,0.6
local man impal five time frenzi dash pamplona dramat bull run far year,1,0.8,0.19999999999999996
sunday 's elect result demonstr far pendulum public opinion swung away faith koizumi 's promis bolster japanes economi make polit system transpar respons peopl need,1,0.9,0.09999999999999998
arab news network say milit kill armi specialist keith maupin batavia ohio shoot,1,0.8,0.19999999999999996
num2-year-old man kill shark attack surf beach near perth west australia surf four peopl,0,0.3,0.7
sourc foreign affair depart manila said monday milit reject suggest ransom exchang de la cruz 's releas,0,0.4,0.6
num2 percent dane belong state evangel lutheran church though num percent attend church servic regularli,0,0.4,0.6
chri de burgh irish songwrit respons ladi red song aa untold number wed first danc yesterday paid almost num2 num3 creatur explod actor john hurt science-fict classic alien,0,0.5,0.5
yasir arafat agre appoint longtim loyalist interior minist take charg countri 's secur,1,0.7,0.30000000000000004
friday 's court rule hagu reject israel carri no real signific symbol victori palestinian,1,0.6,0.4
continu buy spree ibm said wednesday plan acquir alphablox mountain view calif.-bas analyt softwar compani,1,0.9,0.09999999999999998
new arriv follow similar number reach south korea tuesday biggest singl batch ever among thousand fled famin repress isol homeland sinc late num4,0,0.2,0.8
dela cruz snatch wednesday,1,0.8,0.19999999999999996
unum oil price approach num2 rose five-week peak wednesday,1,0.8,0.19999999999999996
former petti thief convert found church silva devot jailhous preacher claim end num2 prison rebellion recent year,0,0.2,0.8
violenc two iraqi suspect tri bomb pipelin countri 's oil-rich north kirkuk policeman kill wednesday,0,0.2,0.8
number sexual transmit infect num3 num3 num percent higher num4 britain 's health protect agenc said pace increas appear slow,0,0.2,0.8
philippin begun pull troop out iraq move seemingli made satisfi demand kidnapp filipino hostag,1,0.8,0.19999999999999996
test anim show could get stomach wall thin membran surround stomach call peritoneum repair intestin liver pancrea gall bladder uteru,1,1.0,0.0
strikingli realist imag etch soft limeston roof nottinghamshir cave paleolith artist around num2 num3 year ago,1,0.8,0.19999999999999996
everi year num million peopl america new repeat heart attack,1,1.0,0.0
canadian wireless technolog licens compani wi-lan begun legal action against cisco alleg network giant 's linksi aironet product make use intellectu properti without permiss,1,0.8,0.19999999999999996
sinc last aid confer barcelona num4 gener optim avail new antiretrovir drug num million peopl die aid num2 million peopl becom newli infect,0,0.3,0.7
viru similar caus breast cancer mice may play role caus breast cancer women suggest not cancerogen respons diseas,1,0.7,0.30000000000000004
german chancellor schroeder presid three year almost zero growth economi unemploy rate remain stubbornli four million peopl,0,0.2,0.8
centuries-old pamplona fiesta honor st. fermin draw thousand fan around world week frenzi late night drink earli morn run bull,0,0.5,0.5
american familiar food guid pyramid -- lot peopl not understand use,0,0.3,0.7
howev wit said black-clad gunmen attack polic station govern build baquba num2 km num2 mile northwest baghdad proclaim loyalti zarqawi wore yellow headband link group,1,1.0,0.0
one person also kill four wound mortar round hit hospit,0,0.2,0.8
ambul crew respond anonym call found num-week-old babi girl rundown hous monday two day snatch mother melbourn shop mall,0,0.1,0.9
mr. conway iamgold 's chief execut offic said vote would close,1,1.0,0.0
microsoft said later summer upgrad free hotmail account 2mb storag num3mb,0,0.2,0.8
spacecraft 's photograph show methan cloud size itali sever crisscross linear featur huge circular area could crater size western europ,0,0.2,0.8
televis news crew helicopt record earli morn car chase end compton shortli num anumm wednesday half dozen lapd offic chase black man ran stolen toyota camri,0,0.3,0.7
venic film festiv open thursday disput celebr judg threaten steal limelight oliv stone whose natur born killer favor win golden lion award,1,0.6,0.4
perhap no surpris chasm east west german wide headi histori day novemb num4 no longer divid cement electrifi wire,1,0.6,0.4
bangladesh govern ban latest novel feminist writer taslima nasreen ground content might hurt exist social system religi sentiment peopl,1,0.8,0.19999999999999996
aol num2 million pay custom,1,0.9,0.09999999999999998
hostage-tak -- identifi member khale bin al-walid squadron part islam armi iraq -- issu sever deadlin demand met shift,1,0.9,0.09999999999999998
releas num2 februari num4 mandela plung wholeheartedli life 's work strive attain goal other set out almost four decad earlier,0,0.2,0.8
peopl gave yeltsin solid major presidenti run num4 accord num2 approv rate -- lowest ever -- accord recent nation poll,1,0.8,0.19999999999999996
time offic albert reynold side side english prime minist john major broker first real hope peac north someth peopl island etern grate,1,0.4,0.6
mrs. lane director sinc num4 special assist board truste presid stanford univers,0,0.3,0.7
mahayana buddhism sometim call northern buddhism larg found china japan korea tibet mongolia,0,0.3,0.7
lennon 's introduct jurgen 's book sum thing reason well jurgen vollmer first photograph captur beauti spirit beatl,0,0.6,0.4
lyon acclaim gastronom capit franc,0,0.2,0.8
dan shaughnessi boston globe defend nba champion houston rocket not get respect year-round heat humid airport num3 mile downtown build sport tradit elvin hay car dealership,1,0.9,0.09999999999999998
german fan schumach countri 's first long-overdu world champion follow along num2 year aristocrat count wolfgang von trip kill wheel ferrari italian gp seem pois grasp titl crown,1,0.7,0.30000000000000004
whoop cough pertussi highli contagi bacteri infect character violent cough fit gasp air resembl whoop sound vomit,1,0.8,0.19999999999999996
although roscommon man birth born rooskey num4 albert slasher reynold forev longford man associ,1,0.8,0.19999999999999996
long haul washington wait death come kim il sung -- num2-year-old north korean dictat known countrymen great leader countri 's unchalleng power sinc num4 korean war armistic,0,0.3,0.7
mystifi sudden disappear command john strangway agent jamaica british secret servic send agent bond,1,0.7,0.30000000000000004
washington re-elect presid num4 follow year divis crisi aris out person polit conflict within cabinet occur -- issu american neutral war england franc,0,0.2,0.8
hitler histor museum non-bias non-profit museum devot studi preserv world histori relat adolf hitler nation socialist parti,0,0.3,0.7
lo angel poet fiction writer charl bukowski die leukemia march num age num2 manag creat life worthi face,0,0.2,0.8
region capit clermont ferrand small citi le puy histor church perch volcan pinnacl one surpris citi franc,0,0.1,0.9
hungari decis moment portend end democrat prelud communist dictatorship came februari num4,0,0.4,0.6
time period concern earli num4 num4 topic kamikaz pilot region research within japan mainli kyushu,0,0.4,0.6
present uk 's birth rate england 's not drop quit clearli scotland 's sit middl european rang -- itali spain germani lowest rate ireland 's show rapid fall,0,0.0,1.0
octob num num4 yom kippur holiest day jewish calendar egypt syria open coordin surpris attack against israel,1,0.8,0.19999999999999996
unparallel success tragic opera verdi round off operat career comedi,0,0.2,0.8
de la rue world 's largest commerci secur printer papermak involv product num3 nation currenc wide rang secur document travel chequ voucher,1,0.6,0.4
establish full communist control hungari summer num4 blockad western sector berlin confirm western suspicion contribut format nato,0,0.5,0.5
sinc begin year pork import meat chines diet jump numnum2 yuan num2 cent pound numnum2 yuan num2 cent,1,0.8,0.19999999999999996
made dust four jupit 's tiniest moon,0,0.2,0.8
cyril alphabet achiev current form num4 reign peter great,0,0.2,0.8
queen holland own robert mouawad,0,0.2,0.8
not women 's confer nairobi ten year ago world focus first time crisi domest violenc,0,0.1,0.9
road path forest pastur estim num2 countri around world made treacher landmin,1,0.8,0.19999999999999996
father nick berg american behead iraq directli blame georg bush defens secretari donald rumsfeld thursday son 's death,0,0.3,0.7
offici state open may num num2numnum2-billion project go plan eurotunnel said work start servic soon deadlin,0,0.1,0.9
autumn peopl ust-usa watch helplessli thousand ton oil began ooz vast wateri network flow desecr oil field usinsk pechora num3 mile north tundra barent sea,0,0.2,0.8
saint laurent struck out num4 open fashion hous creat haut coutur socialit celebr,1,0.9,0.09999999999999998
amish began small faith group split-off swiss mennonit late num2th centuri,0,0.2,0.8
fact einstein invit presid israel critic accur understand one greatest individu modern histori,0,0.3,0.7
meet moscow iaea director gener moham elbaradei num2 june russian presid vladimir putin laud agenc 's work express countri 's continu full support,0,0.4,0.6
franc 's gastronom capit much much,0,0.2,0.8
everi year num million peopl america new repeat heart attack,0,0.1,0.9
twenty-f british polic offic recov day skirmish belfast northern ireland,1,0.8,0.19999999999999996
biggest fire mount graham lightning-spark nuttal gibson fire join num2 percent contain sunday firefight said,1,0.8,0.19999999999999996
unum oil price approach num2 rose five-week peak wednesday,0,0.2,0.8
cool humid weather sunday help slow advanc fire caus evacu hundr home busi alaska 's interior,1,0.8,0.19999999999999996
five schoolchildren head picnic bu wound crossfir indian soldier suspect rebel attack armi convoy highway outsid srinagar,1,0.8,0.19999999999999996
death last year num2-year-old man kill swim australian canal one four fatal shark attack around world num4,1,0.8,0.19999999999999996
wal-mart store ask us feder appeal court review judg 's order approv class-act statu sex-discrimin lawsuit,0,0.2,0.8
scientist taken big step toward develop earlier safer simpl test could help prevent perhap num3 num3 prematur birth unit state year,0,0.6,0.4
british iranian offici resum discuss thursday releas eight british navi personnel held iran earlier week,1,0.8,0.19999999999999996
centuries-old pamplona fiesta honor st. fermin draw thousand fan around world week frenzi late night drink earli morn run bull,1,1.0,0.0
whoop cough pertussi highli contagi bacteri infect character violent cough fit gasp air resembl whoop sound vomit,1,1.0,0.0
china start scour high school potenti first woman astronaut next year follow suggest countri 's lead women 's group,0,0.4,0.6
saudi arabia follow strict interpret islam peopl convict drug traffick murder rape arm robberi execut behead carri out public sword,1,0.8,0.19999999999999996
vice presid dick cheney 's person doctor battl addict prescript drug four year ago,0,0.4,0.6
num3 north korean flew south korea wednesday second day secret oper spirit refuge communist north unidentifi southeast asian countri,0,0.4,0.6
mr. conway iamgold 's chief execut offic said vote would close,0,0.3,0.7
presid bush return mountain state celebr independ day tell spirit crowd yesterday num3th birthday nation move forward confid strength,0,0.2,0.8
fire also threaten mount graham intern observatori home world 's advanc telescop,1,0.9,0.09999999999999998
israel captur gaza strip west bank num4 mideast war,0,0.3,0.7
administr offici say presid georg w. bush narrow field candid cia director least two peopl two week outgo director georg tenet announc departur,0,0.2,0.8
waco near nelson 's hometown abbott auto part salesman dave crow propos fan join willi aid mail donat straight ir,0,0.3,0.7
babi evelyn first child judi key num2 airman todd key num2 station lackland air forc base born brain stem,0,0.2,0.8
global oil price clung near highest level least num2 year yesterday russian oil giant yuko order stop sale threaten strain thin world suppli,1,0.8,0.19999999999999996
deploy filipino worker iraq suspend philippin presid due repeat kidnap,0,0.3,0.7
mark said philip dick two member ontario bradley first air 's crew montreal canada,1,1.0,0.0
pair origin plan leav american hatch nasa spacesuit,0,0.3,0.7
four french detaine held two year u.s. author guantanamo bay return home tuesday,0,0.3,0.7
regular chines foreign ministri brief beij thursday spokesman li zhaox would say china consid direct talk vietnam appropri time,1,0.6,0.4
centre-right european peopl 's parti epp largest group european parliament warn reject taoiseach berni ahern nomin next presid european commiss,0,0.3,0.7
richard rich born richard rosenheim -he chang name move new york- took late num4 guid store death num4,0,0.4,0.6
num2-year-old man kill shark attack surf beach near perth west australia surf four peopl,0,0.3,0.7
report found chapman downtown dade counti public librari tuesday,0,0.3,0.7
infertil women vital success child-rear despit unabl produc children,0,0.3,0.7
howard stern fan sinc wnbc new york radio station day one one new line sought out say mike deluca presid new line cinema product,0,0.4,0.6
itali germani play twice not beaten anybodi yet,0,0.4,0.6
fighter loyal moqtada al-sadr shot u.s. helicopt thursday holi citi najaf,0,0.2,0.8
surpris reveal spacecraft 's photograph hazi orang titan -- largest saturn 's num2 moon size planet mercuri,0,0.0,1.0
johnston seventh person kill sectarian violenc year northern ireland outlaw ira fight end british rule provinc,0,0.5,0.5
two member ontario bradley first air 's crew montreal canada,1,0.6,0.4
latvia instanc lowest-rank team field defeat world cup semifinalist turkey playoff qualifi final num2 euro num4,1,0.8,0.19999999999999996
survey respons destroy witch hunt john hugh doctor describ merci kill medic journal said derek humphri,0,0.0,1.0
residenti area south africa segreg race no black neighborhood establish port nolloth,0,0.3,0.7
miscellani coastal georgia 's tybe island drop site num4 olymp beach volleybal competit,0,0.2,0.8
former taoiseach mr john bruton vice-presid epp said group number potenti candid post commiss presid,1,1.0,0.0
interestingli current mayor berlin klau wowereit openli gay mayor pari bertrand delano,0,0.1,0.9
taxpay pleas learn feder grant lawrenc welk 's north dakota birthplac final buri nine month embarrass congress vote kill,1,0.9,0.09999999999999998
geneve-bas fao organ committe announc locat 4th intern world food secur confer move bangkok new delhi secur reason,1,1.0,0.0
waco near nelson 's hometown abbott auto part salesman dave crow propos fan join willi aid mail donat straight ir,0,0.2,0.8
teenag sensat wayn rooney power england quarter-fin euro num4 two goal monday 's num-num defeat croatia join last eight champion franc beat switzerland num-num,1,0.8,0.19999999999999996
born athen psacharopoulo came unit state age num2 enter oberlin colleg met jean hackett actress new york citi,0,0.3,0.7
nomad raider move la num4 won third super bowl year later,0,0.3,0.7
thing would differ microsoft locat georgia,0,0.2,0.8
secur prepar kept protestor bay recent g8 summit sea island usa,1,1.0,0.0
teenag sensat wayn rooney power england quarter-fin euro num4 two goal monday 's num-num defeat croatia join last eight champion franc beat switzerland num-num,0,0.1,0.9
abram num-year servic head latin america bureau end next week inaugur president-elect bush washington,1,1.0,0.0
unum hand power june num2 iraq 's interim govern chosen unit nation paul bremer former governor iraq,1,1.0,0.0
arm iraqi insurg threaten kill filipino hostag countri not withdraw iraq within three day,1,0.7,0.30000000000000004
lillehamm olymp game organ committe said num2 countri enter competit match number nation num4 winter game albertvil franc,1,0.8,0.19999999999999996
germani 's num-num draw saturday num3-num underdog latvia may german team simpli not enough talent,0,0.4,0.6
mrs. thatcher promis haughey tom king minist northern ireland would make statement soon organiz implic affair british spokesman said,0,0.4,0.6
regan recal read letter young woman whose late father fought ohama beach normandi sector,1,0.9,0.09999999999999998
ansa agenc said oper involv polic umbria lazio provinc central itali campania provinc south without specifi exact arrest locat,1,1.0,0.0
born athen psacharopoulo came unit state age num2 enter oberlin colleg met jean hackett actress new york citi,1,0.9,0.09999999999999998
num4 lo angel saw record num3 nation take part xxiii olympiad despit boycott led soviet union,0,0.4,0.6
jess owen olymp legend danvil ala. born num4,1,0.6,0.4
mark said philip dick two member ontario bradley first air 's crew montreal canada,0,0.3,0.7
greec birthplac ancient olymp game num4 olymp game return origin athen host game xxviii olympiad,1,0.7,0.30000000000000004
ansa agenc said oper involv polic umbria lazio provinc central itali campania provinc south,0,0.4,0.6
organ num2th intern aid confer schedul next month bangkok thailand last saturday respond press report promin hotel bangkok discrimin against hiv-posit visitor attend confer climat chang,1,0.9,0.09999999999999998
regan attend ceremoni washington commemor land normandi,0,0.3,0.7
mr. griffith state not understand vote citi council member against appli grant,0,0.3,0.7
crude oil price soar record level,1,0.8,0.19999999999999996
num4 benjamin harrison num2rd presid unit state born north bend ohio,1,0.9,0.09999999999999998
latvia instanc lowest-rank team field defeat world cup semifinalist turkey playoff qualifi final num2 euro num4,1,0.7,0.30000000000000004
organ num2th intern aid confer schedul next month bangkok thailand last saturday respond press report promin hotel bangkok discrimin against hiv-posit visitor attend confer climat chang,0,0.4,0.6
english team arriv last night lisbon portug play first euro num4 's match,1,0.8,0.19999999999999996
plan releas mr dean behalf secretari health human servic tommi thompson still recov recent accid secretari summit health inform technolog attend mani nation 's leader electron health record,0,0.3,0.7
william leonard jen sob loudli charg kill num-year-old son stephen last seen aliv dec. num2 num4,1,0.5,0.5
born athen psacharopoulo came unit state age num2 enter oberlin colleg met jean hackett actress new york citi,1,0.9,0.09999999999999998
born athen psacharopoulo came unit state age num2 enter oberlin colleg met jean hackett actress new york citi,0,0.4,0.6
today 's highlight histori nov. num2 num4 scene captur live network televis dalla nightclub owner jack rubi shot mortal wound lee harvey oswald accus assassin presid john f. kennedi escort polic armor truck dalla municip build transfer counti jail,0,0.3,0.7
num4 lo angel saw record num3 nation take part xxiii olympiad despit boycott led soviet union,1,0.8,0.19999999999999996
much prepar requir host european footbal championship declar russian presid vladimir putin comment call grigori surki russia host euro num4,0,0.4,0.6
u.k. billionair p. green rais propos bid mark spencer group plc,1,0.9,0.09999999999999998
num4 ford bought apart manhattan share new girlfriend calista flockhart,1,0.9,0.09999999999999998
teenag sensat wayn rooney power england quarter-fin euro num4 two goal monday 's num-num defeat croatia join last eight champion franc beat switzerland num-num,0,0.2,0.8
spd got num2num vote european parliament elect conserv opposit parti poll num2num,1,0.8,0.19999999999999996
hernandez galicia arrest soldier blew door bazooka raid ciudad madero home,1,0.5,0.5
dozen offici present ceremoni power transfer us iraqi govern bremer hand legal document interim prime minist iyad allawi,1,0.8,0.19999999999999996
illinoi born charlton heston num2-year-old actor broadway televis arriv hollywood five-pictur contract hal walli,0,0.2,0.8
ahern travel tokyo eu-japan summit yesterday consult eu leader elect eu commiss presid,1,1.0,0.0
mark said philip dick two member ontario bradley first air 's crew montreal canada,0,0.0,1.0
centre-right european peopl 's parti epp largest group european parliament warn reject taoiseach berni ahern nomin next presid european commiss,0,0.3,0.7
juan antonio samaranch presid intern olymp committe left lillehamm sarajevo pay tribut besieg citi host num4 winter olymp game,0,0.4,0.6
film produc jason p. brubak brubak film llc associ t-street product,0,0.5,0.5
play present celebr num3th anniversari o'neil 's birth may go new york citi soviet union,0,0.3,0.7
cedra biambi francoi also led num4 coup,1,0.8,0.19999999999999996
seven iraqi men whose hand order cut off saddam hussein met presid bush white hous tuesday,0,0.4,0.6
accord viroj laohaphan director gener thailand 's custom depart amount heroin left thailand would kill uncount number peopl,0,0.2,0.8
regular chines foreign ministri brief beij thursday spokesman li zhaox would say china consid direct talk vietnam appropri time,0,0.4,0.6
gdp measur valu good servic nation rose annual rate num percent second quarter compar num percent rise first quarter,0,0.2,0.8
nez perc umatilla yakama colvil tribe file claim skeleton shortli unearth num2 juli num4 wide bank columbia river kennewick washington state,0,0.1,0.9
canadian author investig report frank costello american citizen offer job assassin prime minist brian mulroney spokeswoman said,0,0.2,0.8
alic walton daughter sam walton founder wal-mart believ readi pay c num2m dougla lake ranch,0,0.3,0.7
num4 ford bought apart manhattan share new girlfriend calista flockhart,1,0.9,0.09999999999999998
residenti area south africa segreg race no black neighborhood establish port nolloth,0,0.4,0.6
play present celebr num3th anniversari o'neil 's birth may go new york citi soviet union,0,0.4,0.6
juan antonio samaranch presid intern olymp committe left lillehamm sarajevo pay tribut besieg citi host num4 winter olymp game,1,1.0,0.0
today 's highlight histori nov. num2 num4 scene captur live network televis dalla nightclub owner jack rubi shot mortal wound lee harvey oswald accus assassin presid john f. kennedi escort polic armor truck dalla municip build transfer counti jail,1,0.5,0.5
lo angel hometown laker host basketbal championship final last night,0,0.6,0.4
geneve-bas fao organ committe announc locat 4th intern world food secur confer move bangkok new delhi secur reason,0,0.4,0.6
lafarg one taught tiffani make favril glass said auction william doyl oper auction hous manhattan,1,1.0,0.0
bush administr long critic al-jazeera 's coverag bias against unit state,0,0.5,0.5
recent g8 summit first held juli num2-num2 num4 took place sea island june num-num2,0,0.4,0.6
eight million american hyperhidrosi,0,0.3,0.7
geneve-bas fao organ committe announc locat 4th intern world food secur confer move bangkok new delhi secur reason,1,0.7,0.30000000000000004
colin powel us secretari state today hold talk discuss saudi arabia 's offer help build joint forc muslim nation,0,0.4,0.6
spokeswoman said no detail avail,1,0.8,0.19999999999999996
earli num2th centuri citi site fight mexican revolut,1,0.8,0.19999999999999996
korean seoul formal soul-t'ukpyolsi special citi seoul largest citi capit republ korea south korea locat northwestern part countri han-gang han river num2 mile num2 kilometr yellow sea,0,0.3,0.7
plaza mexico bullr largest world,1,0.9,0.09999999999999998
five year ago num-by-num-foot plank jut out track provid safe haven cross bridg train came,1,1.0,0.0
formerli num4 batavia jakarta largest citi capit indonesia,0,0.3,0.7
diplomat saudi secur sourc say multipl shoot attack saturday hous compound khobar,0,0.4,0.6
baleen whale filter feeder,0,0.3,0.7
fashion district budapest hungari 's wealthi hous,1,0.8,0.19999999999999996
shrek num rang num2 million,1,0.8,0.19999999999999996
prime minist ariel sharon threaten sunday fire rebelli cabinet minist oppos gaza pullout plan,1,0.8,0.19999999999999996
budapest capit hungari administr centr budai jara district pest megy counti,0,0.3,0.7
spaniard led hernan cort arriv num4 tenochtitlan num3 num3 inhabit,0,0.2,0.8
nasa administr sean o'keef present apollo gemini mercuri astronaut survivor commemor plaqu -- contain small piec lunar rock,0,0.4,0.6
world war num4-num2 warsaw becam capit independ poland,1,0.7,0.30000000000000004
milit group iraq hold seven foreign truck driver,0,0.3,0.7
five time amount spent australia secur num4 game sydney,1,0.9,0.09999999999999998
korean seoul formal soul-t'ukpyolsi special citi seoul largest citi capit republ korea south korea locat northwestern part countri han-gang han river num2 mile num2 kilometr yellow sea,1,0.9,0.09999999999999998
aristid left haiti februari num2 board american militari aircraft face mount civil unrest accus corrupt,1,0.8,0.19999999999999996
measur ground-bas instrument around world shown decreas num2 percent sunlight late num4 's earli num4 's,1,0.7,0.30000000000000004
korean seoul formal soul-t'ukpyolsi special citi seoul largest citi capit republ korea south korea locat northwestern part countri han-gang han river num2 mile num2 kilometr yellow sea,1,0.9,0.09999999999999998
love fun said harri potter author jk rowl estim earn num3m creation,1,0.6,0.4
massoud emami governor iran 's northwestern provinc qazvin least num other abroad helicopt kill crash saturday afternoon,0,0.4,0.6
saudi arabia boost product,1,0.9,0.09999999999999998
microsoft delay releas window xp updat,0,0.1,0.9
attorney mark hack said rais issu mental ill challeng client 's confess rel kill wife lori dump bodi garbag bin,0,0.0,1.0
popular spectat sport footbal soccer bullfight,1,0.9,0.09999999999999998
scott lanc hack talk younger brother hospit juli num2,0,0.2,0.8
abu musa al-hindi one num2 men pick coordin raid across countri,0,0.5,0.5
wit told polic ga canist explod start fire multilevel build hous ycua bolano supermarket food court park garag caus bottom floor collaps,0,0.1,0.9
toward east citi end plain meet sierra nevada two extinct volcano ixtacihuatl num2 num3 feet popocatepetl num2 num3 feet familiar sight mexico citi usual obscur pollut,1,0.7,0.30000000000000004
sharon said sunday even intend follow plan light sever danger econom secur situat israel would find no diplomat plan statement offic said,0,0.2,0.8
napster origin free pioneer file-swap servic forc shut num4 painstak legal battl record compani,1,0.7,0.30000000000000004
bush administr long sought augment forc muslim troop,0,0.2,0.8
one famou nonastronaut also receiv one ambassador explor award -former cb newsman walter cronkit,1,0.9,0.09999999999999998
southeastern tip citi xochimilco anoth small town subsum citi popular tourist destin chinampa float garden boat made out reed indian grown plant sinc pre-columbian time,1,1.0,0.0
coloni era end indonesia occupi japanes forc world war ii,1,0.7,0.30000000000000004
similar us microsoft believ get develop adopt build commun microsoft alway done great job eas use said zack urlock vice presid market mysql base uppsala sweden,0,0.3,0.7
dutch leadership jan pieterszoon coen captur raze citi num4 capit dutch east indi -- wall township name batavia -- establish site,1,1.0,0.0
fbi agent later interview vanderford open investig,0,0.1,0.9
four peopl kill us helicopt shot najaf,0,0.2,0.8
offici said michael hamilton kill gunmen open fire exchang shot saudi secur forc yesterday,1,0.8,0.19999999999999996
citi 's offici histori howev start num4 sultan bantam defeat portugues call place jayakerta sundanes gloriou fortress,1,0.7,0.30000000000000004
two candid new iraqi presid num2-year-old pachachi sunni tribal leader yawar,0,0.3,0.7
hour gather hous appropri subcommitte vote cut num billion nasa 's budget request next fiscal year,0,0.4,0.6
welcom ceremoni sharon appear tri correct damag earlier statement say anti-semit threaten western world without singl out franc,1,0.8,0.19999999999999996
mani survivor said unabl open lock door tri flee complex,0,0.3,0.7
gdp rose annual rate num percent second quarter,0,0.4,0.6
british oil execut one num2 peopl kill saudi arabian terror attack,1,0.8,0.19999999999999996
oil price may jolt higher tuesday key market reopen long holiday weekend saw second attack less month saudi arabia world 's top crude export,1,0.8,0.19999999999999996
car bomb explod outsid unum militari base near beiji kill num2 iraqi,1,0.4,0.6
return home taleban toppl afghan opposit forc rezzay knew exactli want,1,0.6,0.4
among cultur activ taman ismail marzuki centr facil tradit classic art perform well theatr present modern play concert centr also planetarium,1,0.6,0.4
num2 insurg num iraqi soldier kill joint raid iraqi foreign troop south baghdad,0,0.2,0.8
night vision goggl distribut along film vue cinema formerli known warner villag uk,0,0.1,0.9
wit said victim not abl escap flame exit lock possibl avoid robberi claim deni juan pio paiva supermarket 's owner,0,0.1,0.9
cort raze tenochtitlan num4 construct spanish citi ruin,1,0.4,0.6
ceil legal immigr cuba num2 num3 year num num3 cuban year abl meet stiff unum visa requir,1,0.6,0.4
num4 shaq becam free agent accept num3 million dollar offer la laker,0,0.3,0.7
look turner shout pull back curtain new offic show off perfect view giant red cnn logo identifi former headquart,0,0.2,0.8
fact smash pumpkin -- bump headlin slot nirvana pull out tour shortli kurt cobain 's suicid -- far exceed expect,0,0.3,0.7
recognit mean iraq abandon tradit claim kuwait claim hussein invok excus invad small emir num4 precipit persian gulf war end defeat,1,0.9,0.09999999999999998
eiffel tower capit franc,0,0.2,0.8
although honeck led communist east german state num4 num4 rememb long -- build berlin wall,1,0.6,0.4
num3 num3 award present taylor may presid israel one six given annual israel-bas wolf foundat,0,0.2,0.8
four-fifth uae desert yet countri contrast landscap awe-inspir dune rich oas precipit rocki mountain fertil plain,1,1.0,0.0
el nino bottom panel schemat diagram trade wind relax central western pacif lead depress thermoclin eastern pacif elev thermoclin west,1,0.7,0.30000000000000004
oddest thing uae 's popul num3 num3 num million peopl live countri uae citizen rest expatri gulf countri pakistan iran india,1,0.9,0.09999999999999998
access caribbean sea gulf uraba northwesternmost part depart central antioquia two rang colombian andea meet,1,0.4,0.6
ms. nasrin host swedish branch pen invit visit last spring accord swedish news agenc tt,1,0.6,0.4
import think secretari powel understand import hear presid katsav hear read isra public mood respect ongo battl palestinian respect instanc trust palestinian author trust possibl deal yasser arafat,0,0.3,0.7
technolog triumph known gp global posit system satellite-bas navig incub mind ivan get,1,0.6,0.4
offici state open may num num2numnum2-billion project go plan eurotunnel said work start servic soon deadlin,1,0.6,0.4
decemb num2 num4 elvi presley paid visit presid richard m. nixon white hous washington dnumc,0,0.3,0.7
zimmermann 's appoint repres surpris twist search find successor goetz friedrich whose num2-year stint helm deutsch oper come end num4,1,0.6,0.4
earli num4 referendum result larg major favour secess ussr num2 august two day coup attempt against gorbachev moscow latvia declar full independ,1,0.9,0.09999999999999998
taslima nasrin spent two month hide bangladesh muslim fundamentalist infuri newspap articl quot urg revis koran islam holi book,1,0.6,0.4
year-end num4 death penalti author statut num2 state feder statut,1,0.9,0.09999999999999998
discoveri emiss radiat heavier element like uranium henri bequerel num4 known radioact,0,0.2,0.8
lesson georg bush learn mother barbara fierc territori woman never forget slight father former presid georg h.w bush,0,0.4,0.6
offici repeatedli refus releas thirteen member red brigad trial turin moro murder near rome may num num4,0,0.3,0.7
sixteen year detroit nativ began sell piec america 's biggest black-own enterpris gordi announc deal wednesday give emi music publish ownership motown 's num2 num3 composit,1,0.7,0.30000000000000004
eleven moon found orbit jupit,0,0.4,0.6
michael herman spokesman euskirchen prosecutor 's offic said far know first time anyth like happen german court,1,0.6,0.4
chernobyl nuclear-pow plant ukrain reactor explod night april num2 num4 num2 mile belarusian border,1,0.7,0.30000000000000004
microsoft establish itali num4,0,0.9,0.09999999999999998
unpreced public pressur museum drastic alter origin plan exhibit mark num2th anniversari enola gay 's mission drop first atom bomb hiroshima japan aug. num num4,1,0.8,0.19999999999999996
februari num4 presid georg bush visit china mark num2th anniversari nixon 's histor trip,0,0.2,0.8
survey clean street blessedli free car one morn week fulvio milon longtim newspap correspond base napl say nobodi expect g-num overhaul open salvo social revolut,0,0.4,0.6
current quarter countri 's two million peopl live ulan bator,0,0.5,0.5
caraca word use aborigin tribe live north coastal region earlier venezuela name autochthon kind plant call amaranth anoth place world,0,0.4,0.6
buddha born siddhartha gautama princ sakya tribe nepal approxim num3 bc,1,0.8,0.19999999999999996
divid northsid dublin southsid liffey span road bridg,1,0.9,0.09999999999999998
republ yemen arab islam independ sovereign state whose integr inviol no part may cede,1,0.5,0.5
screen instead stab kind thriller/rom combin alfr hitchcock turn out treat like north northwest,1,0.6,0.4
u.s. forc disarm haitian paramilitari remov heavi weapon haitian armi restor electr power two citi seiz control countri 's radio televis broadcast facil allow haitian parliament reopen restor mayor port-au-princ offic -- less three week clinton note,0,0.2,0.8
num4 servicemen die battl falkland argentin argentina still lay claim island call malvina presid carlo menem regularli vow recov num4,1,0.9,0.09999999999999998
lyon actual gastronom capit franc,0,0.5,0.5
num4 captain alfr dreyfu jewish offic french armi wrongli found guilti treason sentenc militari degrad life imprison devil 's island former leper coloni off north-east coast south america near equat,0,0.2,0.8
besancon capit franc 's watch clock-mak industri high precis engin,0,0.8,0.19999999999999996
habyarimana kill plane crash along presid burundi april num num4,0,0.2,0.8
volunt armi led dublin rebel padraig pears poet schoolteach republican leader seiz control gener post offic strateg locat nearbi,1,0.8,0.19999999999999996
delimit stark sever mausoleum expans facad world-fam gum depart store exuber color st. basil 's cathedr red squar deserv requisit first stop visitor moscow,1,1.0,0.0
current estim somewher num2-num3 million landmin ground worldwid remain rough estim sinc accur record kept mine deploy,1,0.6,0.4
measur requir vietnames organ channel hard currenc earn bank rather hold cash cash payment made dong,1,0.7,0.30000000000000004
us presenc put qatar delic spot,0,0.6,0.4
japan organ crime crimin come gener head yakuza,1,0.8,0.19999999999999996
num4 gener assembl nippon sei ko kai anglican church japan vote accept femal priest,1,0.7,0.30000000000000004
ulyss launch num4 five-year mission studi sun,1,0.6,0.4
anyth want die nixon told time num4 visit china,0,0.5,0.5
princess diana princ charl divorc num4 num2 year marriag,0,0.2,0.8
not hitler revis mein kampf,1,0.6,0.4
februari num2 num4 agent feder bureau investig fbi arrest num2-year old employe central intellig agenc cia aldrich hazen ame outsid arlington virginia resid charg conspiraci commit espionag behalf russia former soviet union,1,0.8,0.19999999999999996
work fellow canadian charl best jame collip bant determin insulin key treat diabet,1,0.9,0.09999999999999998
jerusalem control israel consid holi citi jew muslim christian,1,0.9,0.09999999999999998
unterweg found guilti nine murder despit littl evid prove beyond doubt found hang cell roof less num2 hour sentenc life second time,1,0.8,0.19999999999999996
jorma join nokia num4 held varieti key manag posit take helm num4,1,0.7,0.30000000000000004
german film turkish immigr won golden bear best film award berlin film festiv saturday south africa 's charliz theron news won silver bear best actress award role monster,0,0.4,0.6
russia exclud nato membership poland hungari path becom nato alli moscow avoid conclus renew enlarg nato retain tradit object confront russia,0,0.6,0.4
marilyn monro 's last film misfit alreadi releas num2 month death august num num4 although costar clark gabl die three month film 's premier februari num4 give film reput multi-jinx project,1,0.9,0.09999999999999998
bosnian serb leader radovan karadz repeatedli boast american troop would sent home bodi bag interven,1,0.8,0.19999999999999996
allen overi lead practic franc europ firm 's partner devot capit market work pari princip dan lauder francoi poudelet,0,0.3,0.7
sever month taliban 's defeat afghanistan present msf aid agenc new opportun provid health care femal popul conserv islam state,1,0.5,0.5
lisa mari awar pressur elvi presley 's daughter not exactli pursu songwrit serious,1,0.8,0.19999999999999996
num4 ireland rule british crown group irish nationalist met counti galway establish organ irish athlet gaelic athlet associ gaa,1,0.8,0.19999999999999996
not clear whether attack carri out suicid bomber,0,0.4,0.6
morri work develop independ filmmak especi buoy recent cann film festiv pulp fiction -- director quentin tarantino actor willi john travolta morri client -- big winner,0,0.3,0.7
mr arafat 's oppon still blame mount lawless palestinian territori,1,0.9,0.09999999999999998
ploce mayor josko damic spoke first croatian presid,0,0.4,0.6
iraqi milit abduct num turk iraq,1,0.9,0.09999999999999998
stjepan mesic first croatian presid deliv public address harvard,0,0.2,0.8
cross nicol kidman sarah jessica parker would sound pretti good men believ,0,0.1,0.9
word allawi approv attack clear attempt show iraqi govern taken full sovereignti american firm control despit deep relianc num3 num3 foreign troop,0,0.5,0.5
mr arafat 's oppon still blame mount lawless palestinian territori,0,0.4,0.6
name news sweden swept three tenni match captur davi cup yevgeni kafelnikov restor littl russian pride defeat stefan edberg num-num num-num num-num moscow,1,0.9,0.09999999999999998
report fault intellig agenc lack imagin not anticip al qaeda could attack unit state use hijack aircraft,0,0.2,0.8
rodriguez treat columbia presbyterian psychiatr evalu,1,0.8,0.19999999999999996
num februari num4 open parliament declar apartheid fail ban polit parti includ anc lift,1,0.5,0.5
built caliph al-walid r. num3-num3 umayyad dynasti el-aksa one largest import mosqu muslim world earliest palestin,0,0.2,0.8
bush pitcher freshman year basebal team yale univers shown texa basebal legend pitcher nolan ryan,0,0.3,0.7
prosecutor told court incid caus distress one children,1,1.0,0.0
bomber not manag enter embassi compound,0,0.4,0.6
girl 's mother grandmoth charg conspiraci commit murder,1,0.9,0.09999999999999998
jobless claim hit lowest level sinc earli num4,1,0.6,0.4
bush return white hous late saturday run mate off campaign west,0,0.6,0.4
rodriguez origin hail hero steer peopl away bomb went off station w. num2rd st. eighth ave. second-to-last day job,1,0.8,0.19999999999999996
research found evid peopl inherit genet makeup make prone aggress violenc,1,1.0,0.0
spanish author blame madrid attack islam dissid act name al-qaida,1,0.9,0.09999999999999998
council member michael bush larg also vote against pay hike say felt council member not need money,0,0.3,0.7
u.n. weapon inspector left iraq day invas began march unit state express no interest let return troop control countri,0,0.2,0.8
villag walt disney co. debut num num3 theater num3 next closest rival denzel washington thriller manchurian candid num num3 venu accord box offic tracker exhibitor relat inc,0,0.5,0.5
black hole lose mass radiat energi form hawk radiat,0,0.5,0.5
weekli number also show refinanc activ sail highest level sinc januari jobless claim drop lowest level sinc recess began januari num4,1,0.8,0.19999999999999996
frenchman thoma voeckler still lead tour de franc num2 second contend drift away,0,0.3,0.7
franc saturday flew planeload unit nation aid eastern chad french soldier prepar deploy base abech toward border sudan 's darfur region,0,0.3,0.7
mr. clinton receiv hefti advanc book reportedli num2m joke time finish num3-pag tome minimum wage,1,0.9,0.09999999999999998
news report said blast trigger man wear explos vest mani three peopl kill,1,1.0,0.0
vice presid dick cheney told crowd tuscon ariz. bush team everyth power defend against terrorist attack homeland repeat theme later new mexico,1,1.0,0.0
gaza unrest prompt ahm qurei prime minist threaten quit,1,0.9,0.09999999999999998
avalanch italian outrag london underground apolog agre withdraw poster,0,0.4,0.6
ohio lost thousand manufactur job counti 's unemploy rate num percent june compar num percent nation,0,0.3,0.7
version pc essenti packag big game consol player complain offer significantli less versatil come swing new york,0,0.5,0.5
five soldier order face courts-marti,1,0.9,0.09999999999999998
saudi arabia biggest oil produc world support osama bin laden associ led attack against unit state,1,0.4,0.6
profit nearli doubl nearli num billion,0,0.2,0.8
polic report say gallardo assault wife school late januari friend said also attack anoth time near kill,0,0.2,0.8
romano prodi meet us presid georg bush capac presid european commiss,1,1.0,0.0
num3 paint commemor centenni man ray 's birth philadelphia,1,0.6,0.4
yuko ignit oil price,1,0.6,0.4
lafarg one help tiffani make favril glass said auction william doyl oper auction hous manhattan,0,0.4,0.6
henryk wieniawski polish-born musician known special prefer resurrect neglect lost work violin,0,0.7,0.30000000000000004
num4 martin van buren first us presid nativ citizen unit state born kinderhook nnumi,0,0.3,0.7
abram num-year servic head latin america bureau end next week inaugur president-elect bush washington,0,0.3,0.7
third african union summit open ethiopia 's capit addi ababa tuesday june num2,1,0.8,0.19999999999999996
thousand peopl live port nolloth one town semi-arid landscap make northwest corner south africa,1,0.9,0.09999999999999998
two employe u.s. immigr servic go moscow help handl process,0,0.1,0.9
abram num-year servic head latin america bureau end next week inaugur president-elect bush washington..,0,0.2,0.8
recent g8 summit held june num-num2 brought togeth leader world 's major industri democraci,1,0.9,0.09999999999999998
plan releas mr dean behalf secretari health human servic tommi thompson still recov recent accid secretari summit health inform technolog attend mani nation 's leader electron health record,1,0.6,0.4
marin kidnap patrol danger baghdad quarter turn safe well lebanon,0,0.5,0.5
waco near nelson 's hometown abbott auto part salesman dave crow propos fan join willi aid mail donat straight ir,1,0.7,0.30000000000000004
african presid open two-day summit accra ghana ivori coast northern rebel fierc loyalist southern continu split cocoa-rich countri ignor never-impl num4 power-shar deal,1,1.0,0.0
today 's highlight histori nov. num2 num4 scene captur live network televis dalla nightclub owner jack rubi shot mortal wound lee harvey oswald accus assassin presid john f. kennedi escort polic armor truck dalla municip build transfer counti jail,1,0.8,0.19999999999999996
two conserv feder appel judg ralph winter 2nd unum circuit court appeal new york kenneth starr unum circuit court appeal district columbia appoint reagan,1,0.9,0.09999999999999998
dole 's wife elizabeth nativ salisburi n.c,1,0.6,0.4
offici perugia umbria provinc said five peopl arrest tuesday,1,0.9,0.09999999999999998
everi year num2 num3 babi born disord relat prenat drink,1,1.0,0.0
u.s. ambassador manila franci ricciardon threw support behind arroyo interview local televis monday,1,1.0,0.0
tan salon increasingli popular use tripl num4 num4,1,1.0,0.0
suicid bomb came iraqi interim govern mark first month power sinc unit state hand sovereignti june num2 follow coalit 's march num4 invas,0,0.2,0.8
organ num2th intern aid confer schedul next month bangkok thailand saturday respond press report promin hotel bangkok discrimin against hiv-posit visitor attend differ confer month,1,0.8,0.19999999999999996
num2 percent dane belong state evangel lutheran church though num percent attend church servic regularli,0,0.1,0.9
napster start unauthor song-swap web site transform legal servic offer music download monthli fee,1,0.5,0.5
test anim show could get stomach wall thin membran surround stomach call peritoneum repair intestin liver pancrea gall bladder uteru,0,0.5,0.5
num2th anniversari first lunar land nasa struggl money problem aim return human space flight columbia disast ultim put peopl back moon,1,0.7,0.30000000000000004
longtim associ al qaeda leader osama bin laden surrend saudi arabian offici,1,1.0,0.0
continu buy spree ibm said wednesday plan acquir alphablox mountain view calif.-bas analyt softwar compani,1,0.9,0.09999999999999998
fighter loyal moqtada al-sadr shot u.s. helicopt thursday holi citi najaf,0,0.1,0.9
four venezuelan firefight travel train cours texa kill sport util vehicl drift onto shoulder highway struck park truck,1,0.8,0.19999999999999996
thick atmospher titan make difficult even largest telescop earth see anyth clearli,1,1.0,0.0
new arriv follow similar number reach south korea tuesday biggest singl batch ever among thousand fled famin repress isol homeland sinc late num4,0,0.5,0.5
iraqi milit repeatedli use terrorist attack tri forc govern withdraw u.s.-l occup forc,0,0.4,0.6
chirac also call rich nation rais donat num num/num-year-old unumn global fund -- aim primarili fight aid -- num billion per year,1,0.7,0.30000000000000004
ron gainsford chief execut tsi said major concern us parent could unwittingli expos children risk sun damag think better protect actual,1,1.0,0.0
whoop cough pertussi highli contagi bacteri infect character violent cough fit gasp air resembl whoop sound vomit,0,0.2,0.8
num2-year-old man kill shark attack surf beach near perth west australia surf four peopl,1,1.0,0.0
centre-right european peopl 's parti epp largest group european parliament warn reject taoiseach berni ahern nomin next presid european commiss,1,1.0,0.0
u.s. secretari state colin powel repli peopl darfur remot west sudan not much time diseas starvat caus widespread death,0,0.9,0.09999999999999998
eight num2 philippin humanitarian troop iraq alreadi left countri philippin foreign affair secretari delia albert said earli wednesday,1,0.8,0.19999999999999996
senior citizen play import role dramat spread human civilis num2 num3 year ago,0,0.4,0.6
u.s. ambassador manila franci ricciardon threw support behind arroyo interview local televis monday,0,0.5,0.5
authent arrang proprietor small moscow galleri borislav shervinski establish,1,0.9,0.09999999999999998
num2 num3 patient employe notifi late yesterday come hospit evalu antibiot,0,0.3,0.7
one two men releas earli saturday moham dawoud num2 willesden north-west london appear horseferri road magistr court today charg possess forg ident document polic said,0,0.3,0.7
surpris reveal spacecraft 's photograph hazi orang titan -- largest saturn 's num2 moon size planet mercuri,1,1.0,0.0
four venezuelan firefight travel train cours texa kill sport util vehicl drift onto shoulder highway struck park truck,0,0.1,0.9
accord fail resolv controversi arafat 's appoint unpopular cousin moussa arafat chief secur gaza,0,0.3,0.7
american familiar food guid pyramid -- lot peopl not understand use,0,0.5,0.5
iraq enter first full day leadership newli sovereign interim govern begin transform prime minist call major task like take mani year,1,0.8,0.19999999999999996
icc first perman global crimin tribun set juli num4 tri individu accus crime against human -- genocid war crime human right abus,1,0.8,0.19999999999999996
napster start unauthor song-swap web site transform legal servic offer music download monthli fee,0,0.4,0.6
sourc foreign affair depart manila said monday milit reject suggest ransom exchang de la cruz 's releas,0,0.2,0.8
anoth diplomat confirm unit state push hard accord ad two high-level meet schedul nato 's brussel headquart wednesday tri hammer out deal,0,0.2,0.8
chirac also call rich nation rais donat num num/num-year-old unumn global fund -- aim primarili fight aid -- num billion per year,1,0.9,0.09999999999999998
ibm softwar group acquir num2 compani sinc num4 start purchas informix,1,0.9,0.09999999999999998
sinc last aid confer barcelona num4 gener optim avail new antiretrovir drug num million peopl die aid num2 million peopl becom newli infect,1,1.0,0.0
continu buy spree ibm said wednesday plan acquir alphablox mountain view calif.-bas analyt softwar compani,0,0.2,0.8
chri de burgh irish songwrit respons ladi red song accompani untold number wed first danc yesterday paid almost num2 num3 creatur explod actor john hurt science-fict classic alien,1,0.8,0.19999999999999996
polit leader pledg construct so-cal freedom tower -- rise num num3 feet air world 's tallest build -- finish schedul end num4,0,0.7,0.30000000000000004
suicid car bomber deton earli wednesday near green zone central baghdad kill num2 iraqi -- seven civilian three nation guard member,1,0.9,0.09999999999999998
north korean refuge gather southern ho chi minh citi formerli saigon trickl border china month,0,0.4,0.6
surpris reveal spacecraft 's photograph hazi orang titan -- largest saturn 's num2 moon size planet mercuri,1,1.0,0.0
num2-pag report also first major product betsi lehman center patient safeti medic error reduct,0,0.4,0.6
american familiar food guid pyramid -- lot peopl not understand use govern claim proof two out three american fat,1,0.6,0.4
de la cruz 's famili said gone saudi arabia year ago work driver long period unemploy,1,0.4,0.6
spacecraft 's photograph show methan cloud size itali sever crisscross linear featur huge circular area could crater size western europ,0,0.2,0.8
de la cruz 's famili said gone saudi arabia year ago work driver long period unemploy,1,0.8,0.19999999999999996
health ministri offici said num2 peopl kill num2 wound blast shortli num2 anumm baquba often violent town num2 km north baghdad,0,0.4,0.6
japan 's voter turnout num2 percent upper hous elect,0,0.1,0.9
hostage-tak -- identifi member khale bin al-walid squadron part islam armi iraq -- issu sever deadlin demand met shift,1,0.9,0.09999999999999998
egypt press arafat surrend power overhaul secur forc welcom qureia 's withdraw resign,0,0.3,0.7
abu eisa al-hindi said involv plot attack heathrow airport detail allegedli discov comput moham naeem noor khan num2 al-qa'ida suspect recent arrest pakistan,0,0.4,0.6
give nearli num num3 peopl second chanc life doctor celebr num2th anniversari britian 's first heart transplant perform cambridgeshir 's papworth hospit num4,0,0.4,0.6
sunday 's elect result demonstr far pendulum public opinion swung away faith koizumi 's promis bolster japanes economi make polit system transpar respons peopl need,0,0.4,0.6
suprem court rule person seiz potenti terrorist must allow challeng imprison american court,1,0.5,0.5
accord american diabet associ num2 million american live diabet num2 percent type two diabet,0,0.7,0.30000000000000004
mr. conway iamgold 's chief execut offic said vote would close,1,1.0,0.0
rodriguez four-year nypd offic suffer burn leg eye injuri explos,0,0.3,0.7
risk heart problem recommend talk doctor take aspirin prevent first heart attack,1,0.5,0.5
french adventur continu row across atlant,1,0.8,0.19999999999999996
colosseum swollen golden moon rise backdrop simon garfunkel close out european leg old friend tour hundr thousand ador fan stretch saturday night,1,1.0,0.0
north korea said friday unit state put multilater nuclear crisi talk jeopardi refus give hostil polici toward communist state,0,0.4,0.6
account not offici confirm uzbek american govern,0,0.4,0.6
frenchman thoma voeckler still lead tour de franc num2 second contend drift away,0,0.4,0.6
profit nearli doubl nearli num billion,1,1.0,0.0
stephen hawk chap know bit physic admit yesterday wrong happen matter suck black hole,0,0.3,0.7
design problem would delay releas mobil comput chipset dub alviso next year,0,0.4,0.6
clinton charismat person,1,0.4,0.6
villag walt disney co. debut num num3 theater num3 next closest rival denzel washington thriller manchurian candid num num3 venu accord box offic tracker exhibitor relat inc,1,0.9,0.09999999999999998
gaza unrest prompt ahm qurei prime minist threaten quit,0,0.3,0.7
poster campaign urg peopl not eat smelli food london 's overcrowd overh underground system spark diplomat incid itali,1,1.0,0.0
freed iraqi hostag angelo de la cruz thank presid arroyo help secur releas,0,0.3,0.7
num4 paisley sometim affection known 'big ian establish success longest last polit movement democrat unionist parti soon won seat local council provinc nation european level,1,0.6,0.4
find forrest among num2 film compet berlin film festiv 's top golden bear prize best movi award close day along silver bear award best actor,0,0.3,0.7
agreement creat intern group oppos tripl alliance-fr great britain russia form tripl entent,1,0.7,0.30000000000000004
juli octob num4 dr. henri kissing nation secur advisor presid unit state twice visit china secret pave way visit presid richard nixon,0,0.4,0.6
eurodisney locat num2 mile pari get fontainebleau hour train,0,0.2,0.8
key blue moon air lot particl slightli wider wavelength red light num micron -- no size present,1,0.5,0.5
chechnya russia 's haiti -- mountain ethnic enclav half caribbean nation 's size danger,1,0.8,0.19999999999999996
via del triton enter via della stamperia lead trevi fountain certainli famou spectacular fountain rome made even famou night-tim wade anita ekberg federico fellini 's film la dolc vita,1,0.9,0.09999999999999998
year num2 num3 peopl kill mutil landmin num num3 children,0,0.4,0.6
nelson mandela 's long walk freedom began scrap paper buri floor prison cell,1,0.6,0.4
sinc earli num4 ulyss monitor stream stardust flow solar system,0,0.3,0.7
founder owner tamla-motown famili record label berri gordi jr. establish motown record one import independ label earli 'num2,1,0.7,0.30000000000000004
commiss futur bretton wood institut head former feder reserv chairman paul a. volcker say studi coincid num2th anniversari intern monetari fund world bank two institut need basic chang,0,0.3,0.7
accord encyclopedia britannica indonesia largest archipelag nation world consist num2 num3 island,1,0.9,0.09999999999999998
